first_name,last_name,email,gender,age,car,job,favourite_film
Garland,Hume,ghume0@prlog.org,Female,67,Mazda,Senior Cost Accountant,Thriller
Annis,Rowledge,arowledge1@sitemeter.com,Female,77,BMW,GIS Technical Architect,Comedy
Lynett,Saggs,lsaggs2@pinterest.com,Female,76,Opel,Design Engineer,Romance
Worthington,Winn,wwinn3@apache.org,Male,51,Opel,Research Associate,Action
Cindie,Mugleston,cmugleston4@economist.com,Female,24,Mazda,Cost Accountant,Thriller
Wallache,Gask,wgask5@globo.com,Male,62,Renault,GIS Technical Architect,Thriller
June,Du Plantier,jduplantier6@flickr.com,Female,34,Mazda,Clinical Specialist,Comedy
Jone,Adkin,jadkin7@t-online.de,Male,54,Opel,Human Resources Manager,Thriller
Kevyn,Crickmer,kcrickmer8@google.com.hk,Female,42,Mazda,Senior Quality Engineer,Thriller
James,Audus,jaudus9@t-online.de,Male,53,Fiat,VP Marketing,Comedy
Eddie,Chadbourn,echadbourna@yellowbook.com,Male,62,Renault,Structural Engineer,Thriller
Doria,Hewell,dhewellb@zimbio.com,Female,60,BMW,Design Engineer,Thriller
Holly-anne,Goold,hgooldc@ox.ac.uk,Female,63,Opel,Analyst Programmer,Thriller
Meridith,Maps,mmapsd@php.net,Female,42,Renault,General Manager,Romance
Gunner,Ferebee,gferebeee@yale.edu,Male,73,Renault,Nurse Practicioner,Drama
Edeline,Birds,ebirdsf@cnn.com,Female,65,Opel,Media Manager III,Drama
Aron,Mordie,amordieg@linkedin.com,Male,30,Renault,Analyst Programmer,Thriller
Vanni,Aspole,vaspoleh@smh.com.au,Female,20,Mazda,Software Test Engineer III,Comedy
Barbaraanne,Ibell,bibelli@jigsy.com,Female,79,Mazda,Financial Analyst,Drama
Vitia,Lagen,vlagenj@ft.com,Female,28,Renault,Structural Engineer,Comedy
